{
"elements": [
	{
"type": "scatter_line",
"colour": "#DB1750",
"width": 3,
"values": [
{"x": 1254994800 ,"y": 17.50}
,{"x": 1254995400 ,"y": 17.50}
,{"x": 1254996000 ,"y": 17.50}
,{"x": 1254996600 ,"y": 17.50}
,{"x": 1254997200 ,"y": 17.50}
,{"x": 1254997800 ,"y": 17.50}
,{"x": 1254998400 ,"y": 17.50}
,{"x": 1254999000 ,"y": 17.50}
,{"x": 1254999600 ,"y": 17.50}
,{"x": 1255000200 ,"y": 17.50}
,{"x": 1255000800 ,"y": 17.50}
,{"x": 1255001400 ,"y": 17.50}
,{"x": 1255002000 ,"y": 17.50}
,{"x": 1255002600 ,"y": 17.50}
,{"x": 1255003200 ,"y": 17.50}
,{"x": 1255003800 ,"y": 17.50}],
"text": "C",
"font-size": 12 ,
"dot-style": {"type": "hollow-dot", "dot-size": 3, "halo-size": 2, "tip": "#date:d M y H:i#<br>Value: #val#" }
}],
"title": {
"text":"TEM - Temperatura Agua",
"style":"{font-size: 15px; color: #DB1750}"
},
"x_axis":{
"min":1254994800,
"max":1255003800,"steps": 600,
"labels": { "text": "#date:d M y H:i#","steps": 600,"visible-steps": 2,"rotate": 40}
},
"y_axis":{
"min":"16.500000",
"max":"18.500000"
}
}
